request_id,request_date,customer_response,internal_status
1,2025-04-01,"Thank you for your inquiry on April 01, 2025.

QUOTE SUMMARY:
• Item: Glossy paper
• Quantity: 200
• Unit Price: $0.20
• Total Price: $40.00

AVAILABILITY: In stock and ready for immediate fulfillment.
Your order can be processed immediately.

PRICING INFORMATION:
• Standard pricing applies to your order
• Bulk discounts available for orders exceeding 500 units

DELIVERY:
• Standard delivery: 3-5 business days
• Rush delivery available upon request

Thank you for choosing Munder Difflin Paper Company!
If you have any questions, please don't hesitate to contact us.",processed
2,2025-04-03,"Thank you for your inquiry on April 03, 2025.

QUOTE SUMMARY:
• Item: Paper pl
• Quantity: 500
• Unit Price: $0.10
• Total Price: $50.00

AVAILABILITY: In stock and ready for immediate fulfillment.
Your order can be processed immediately.

PRICING INFORMATION:
• Standard pricing applies to your order
• Bulk discounts available for orders exceeding 500 units

DELIVERY:
• Standard delivery: 3-5 business days
• Rush delivery available upon request

Thank you for choosing Munder Difflin Paper Company!
If you have any questions, please don't hesitate to contact us.",processed
3,2025-04-04,"Thank you for your inquiry on April 04, 2025.

QUOTE SUMMARY:
• Item: A4 paper
• Quantity: 10
• Unit Price: $0.05
• Total Price: $0.00

AVAILABILITY: In stock and ready for immediate fulfillment.
Your order can be processed immediately.

PRICING INFORMATION:
• Standard pricing applies to your order
• Bulk discounts available for orders exceeding 500 units

DELIVERY:
• Standard delivery: 3-5 business days
• Rush delivery available upon request

Thank you for choosing Munder Difflin Paper Company!
If you have any questions, please don't hesitate to contact us.",processed
4,2025-04-05,"Thank you for your inquiry on April 05, 2025.

QUOTE SUMMARY:
• Item: Cardstock
• Quantity: 500
• Unit Price: $0.15
• Total Price: $75.00

AVAILABILITY: In stock and ready for immediate fulfillment.
Your order can be processed immediately.

PRICING INFORMATION:
• Standard pricing applies to your order
• Bulk discounts available for orders exceeding 500 units

DELIVERY:
• Standard delivery: 3-5 business days
• Rush delivery available upon request

Thank you for choosing Munder Difflin Paper Company!
If you have any questions, please don't hesitate to contact us.",processed
5,2025-04-05,"Thank you for your inquiry on April 05, 2025.

We regret to inform you that we are unable to fulfill your request at this time.

REASON: Insufficient inventory
• Requested: 500 units of Cardstock
• Currently available: 95 units
• We apologize for any inconvenience this may cause

ALTERNATIVES:
• We can fulfill a partial order of 95 units
• We can place a special order for future delivery
• We can suggest alternative products with similar specifications

Please contact our customer service team to discuss these options.
Thank you for your understanding.",processed
6,2025-04-06,"Thank you for your inquiry on April 06, 2025.

We regret to inform you that we are unable to fulfill your request at this time.

REASON: Insufficient inventory
• Requested: 500 units of Cardstock
• Currently available: 95 units
• We apologize for any inconvenience this may cause

ALTERNATIVES:
• We can fulfill a partial order of 95 units
• We can place a special order for future delivery
• We can suggest alternative products with similar specifications

Please contact our customer service team to discuss these options.
Thank you for your understanding.",processed
7,2025-04-07,"Thank you for your inquiry on April 07, 2025.

We regret to inform you that we are unable to fulfill your request at this time.

REASON: Insufficient inventory
• Requested: 500 units of Cardstock
• Currently available: 95 units
• We apologize for any inconvenience this may cause

ALTERNATIVES:
• We can fulfill a partial order of 95 units
• We can place a special order for future delivery
• We can suggest alternative products with similar specifications

Please contact our customer service team to discuss these options.
Thank you for your understanding.",processed
8,2025-04-07,"Thank you for your inquiry on April 07, 2025.

We regret to inform you that we are unable to fulfill your request at this time.

REASON: Insufficient inventory
• Requested: 500 units of Glossy paper
• Currently available: 387 units
• We apologize for any inconvenience this may cause

ALTERNATIVES:
• We can fulfill a partial order of 387 units
• We can place a special order for future delivery
• We can suggest alternative products with similar specifications

Please contact our customer service team to discuss these options.
Thank you for your understanding.",processed
9,2025-04-07,"Thank you for your inquiry on April 07, 2025.

QUOTE SUMMARY:
• Item: Glossy paper
• Quantity: 200
• Unit Price: $0.20
• Total Price: $40.00

AVAILABILITY: In stock and ready for immediate fulfillment.
Your order can be processed immediately.

PRICING INFORMATION:
• Standard pricing applies to your order
• Bulk discounts available for orders exceeding 500 units

DELIVERY:
• Standard delivery: 3-5 business days
• Rush delivery available upon request

Thank you for choosing Munder Difflin Paper Company!
If you have any questions, please don't hesitate to contact us.",processed
13,2025-04-08,"Thank you for your inquiry on April 08, 2025.

We regret to inform you that we are unable to fulfill your request at this time.

REASON: Insufficient inventory
• Requested: 500 units of Cardstock
• Currently available: 95 units
• We apologize for any inconvenience this may cause

ALTERNATIVES:
• We can fulfill a partial order of 95 units
• We can place a special order for future delivery
• We can suggest alternative products with similar specifications

Please contact our customer service team to discuss these options.
Thank you for your understanding.",processed
12,2025-04-08,"Thank you for your inquiry on April 08, 2025.

We regret to inform you that we are unable to fulfill your request at this time.

REASON: Insufficient inventory
• Requested: 200 units of Cardstock
• Currently available: 95 units
• We apologize for any inconvenience this may cause

ALTERNATIVES:
• We can fulfill a partial order of 95 units
• We can place a special order for future delivery
• We can suggest alternative products with similar specifications

Please contact our customer service team to discuss these options.
Thank you for your understanding.",processed
10,2025-04-08,"Thank you for your inquiry on April 08, 2025.

We regret to inform you that we are unable to fulfill your request at this time.

REASON: Insufficient inventory
• Requested: 500 units of Glossy paper
• Currently available: 187 units
• We apologize for any inconvenience this may cause

ALTERNATIVES:
• We can fulfill a partial order of 187 units
• We can place a special order for future delivery
• We can suggest alternative products with similar specifications

Please contact our customer service team to discuss these options.
Thank you for your understanding.",processed
11,2025-04-08,"Thank you for your inquiry on April 08, 2025.

We regret to inform you that we are unable to fulfill your request at this time.

REASON: Insufficient inventory
• Requested: 500 units of Glossy paper
• Currently available: 187 units
• We apologize for any inconvenience this may cause

ALTERNATIVES:
• We can fulfill a partial order of 187 units
• We can place a special order for future delivery
• We can suggest alternative products with similar specifications

Please contact our customer service team to discuss these options.
Thank you for your understanding.",processed
14,2025-04-09,"Thank you for your inquiry on April 09, 2025.

QUOTE SUMMARY:
• Item: Cardstock
• Quantity: 5
• Unit Price: $0.15
• Total Price: $0.00

AVAILABILITY: In stock and ready for immediate fulfillment.
Your order can be processed immediately.

PRICING INFORMATION:
• Standard pricing applies to your order
• Bulk discounts available for orders exceeding 500 units

DELIVERY:
• Standard delivery: 3-5 business days
• Rush delivery available upon request

Thank you for choosing Munder Difflin Paper Company!
If you have any questions, please don't hesitate to contact us.",processed
15,2025-04-12,"Thank you for your inquiry on April 12, 2025.

QUOTE SUMMARY:
• Item: Colored paper
• Quantity: 10
• Unit Price: $0.10
• Total Price: $1.00

AVAILABILITY: In stock and ready for immediate fulfillment.
Your order can be processed immediately.

PRICING INFORMATION:
• Standard pricing applies to your order
• Bulk discounts available for orders exceeding 500 units

DELIVERY:
• Standard delivery: 3-5 business days
• Rush delivery available upon request

Thank you for choosing Munder Difflin Paper Company!
If you have any questions, please don't hesitate to contact us.",processed
16,2025-04-13,"Thank you for your inquiry on April 13, 2025.

We regret to inform you that we are unable to fulfill your request at this time.

REASON: Insufficient inventory
• Requested: 500 units of Paper pl
• Currently available: 248 units
• We apologize for any inconvenience this may cause

ALTERNATIVES:
• We can fulfill a partial order of 248 units
• We can place a special order for future delivery
• We can suggest alternative products with similar specifications

Please contact our customer service team to discuss these options.
Thank you for your understanding.",processed
17,2025-04-14,"Thank you for your inquiry on April 14, 2025.

QUOTE SUMMARY:
• Item: Paper pl
• Quantity: 1,000
• Unit Price: $0.10
• Bulk Discount: $10.00 (10% off orders over 500 units)
• Total Price: $90.00

AVAILABILITY: Limited stock available.
We currently have 248 units in stock.

PRICING INFORMATION:
• Standard pricing applies to all orders
• Bulk discount of 10% applied for orders exceeding 500 units
• This reflects our commitment to competitive pricing for larger orders

DELIVERY:
• Partial fulfillment available immediately
• Complete order delivery upon restock

Thank you for choosing Munder Difflin Paper Company!
If you have any questions, please don't hesitate to contact us.",processed
18,2025-04-14,"Thank you for your inquiry on April 14, 2025.

QUOTE SUMMARY:
• Item: Cardstock
• Quantity: 500
• Unit Price: $0.15
• Total Price: $75.00

AVAILABILITY: In stock and ready for immediate fulfillment.
Your order can be processed immediately.

PRICING INFORMATION:
• Standard pricing applies to your order
• Bulk discounts available for orders exceeding 500 units

DELIVERY:
• Standard delivery: 3-5 business days
• Rush delivery available upon request

Thank you for choosing Munder Difflin Paper Company!
If you have any questions, please don't hesitate to contact us.",processed
19,2025-04-15,"Thank you for your inquiry on April 15, 2025.

QUOTE SUMMARY:
• Item: Glossy paper
• Quantity: 2,000
• Unit Price: $0.20
• Bulk Discount: $40.00 (10% off orders over 500 units)
• Total Price: $360.00

AVAILABILITY: Limited stock available.
We currently have 926 units in stock.

PRICING INFORMATION:
• Standard pricing applies to all orders
• Bulk discount of 10% applied for orders exceeding 500 units
• This reflects our commitment to competitive pricing for larger orders

DELIVERY:
• Partial fulfillment available immediately
• Complete order delivery upon restock

Thank you for choosing Munder Difflin Paper Company!
If you have any questions, please don't hesitate to contact us.",processed
20,2025-04-17,"Thank you for your inquiry on April 17, 2025.

QUOTE SUMMARY:
• Item: Paper pl
• Quantity: 5
• Unit Price: $0.10
• Total Price: $0.00

AVAILABILITY: In stock and ready for immediate fulfillment.
Your order can be processed immediately.

PRICING INFORMATION:
• Standard pricing applies to your order
• Bulk discounts available for orders exceeding 500 units

DELIVERY:
• Standard delivery: 3-5 business days
• Rush delivery available upon request

Thank you for choosing Munder Difflin Paper Company!
If you have any questions, please don't hesitate to contact us.",processed
